{"commit":"10b2b021ddaac63eb3f52ce0b42edfb625ca194b","appVersion":"44.1","build":41455,"app":"com.bohemiancoding.sketch3","pagesAndArtboards":{"DA5344FD-81B7-44C6-BC26-3EED16834596":{"name":"Page 1","artboards":{"43E392B6-C726-418C-BF82-F378C08D9254":{"name":"Artboard"}}}},"fonts":[],"created":{"app":"com.bohemiancoding.sketch3","commit":"10b2b021ddaac63eb3f52ce0b42edfb625ca194b","build":41455,"appVersion":"44.1","variant":"NONAPPSTORE","version":91},"version":91,"saveHistory":["NONAPPSTORE.41455"],"autosaved":0,"variant":"NONAPPSTORE"}