{"_class":"page","do_objectID":"DA5344FD-81B7-44C6-BC26-3EED16834596","exportOptions":{"_class":"exportOptions","exportFormats":[],"includedLayerIds":[],"layerOptions":0,"shouldTrim":false},"frame":{"_class":"rect","constrainProportions":false,"height":300,"width":300,"x":0,"y":0},"isFlippedHorizontal":false,"isFlippedVertical":false,"isLocked":false,"isVisible":true,"layerListExpandedType":0,"name":"Page 1","nameIsFixed":false,"resizingConstraint":63,"resizingType":0,"rotation":0,"shouldBreakMaskChain":false,"style":{"_class":"style","endDecorationType":0,"miterLimit":10,"startDecorationType":0},"hasClickThrough":true,"layers":[{"_class":"artboard","do_objectID":"43E392B6-C726-418C-BF82-F378C08D9254","exportOptions":{"_class":"exportOptions","exportFormats":[{"_class":"exportFormat","absoluteSize":0,"fileFormat":"png","name":"","namingScheme":0,"scale":1,"visibleScaleType":0}],"includedLayerIds":[],"layerOptions":0,"shouldTrim":false},"frame":{"_class":"rect","constrainProportions":false,"height":159,"width":65,"x":1006,"y":593},"isFlippedHorizontal":false,"isFlippedVertical":false,"isLocked":false,"isVisible":true,"layerListExpandedType":0,"name":"Artboard","nameIsFixed":false,"resizingConstraint":63,"resizingType":0,"rotation":0,"shouldBreakMaskChain":false,"style":{"_class":"style","endDecorationType":0,"miterLimit":10,"startDecorationType":0},"hasClickThrough":true,"layers":[{"_class":"group","do_objectID":"8746AFA1-E5A6-4506-ADCA-97818D09A49D","exportOptions":{"_class":"exportOptions","exportFormats":[{"_class":"exportFormat","absoluteSize":0,"fileFormat":"svg","name":"","namingScheme":0,"scale":1,"visibleScaleType":0}],"includedLayerIds":[],"layerOptions":0,"shouldTrim":false},"frame":{"_class":"rect","constrainProportions":false,"height":159,"width":65,"x":0,"y":0},"isFlippedHorizontal":false,"isFlippedVertical":false,"isLocked":false,"isVisible":true,"layerListExpandedType":0,"name":"Page 1","nameIsFixed":false,"resizingConstraint":63,"resizingType":0,"rotation":0,"shouldBreakMaskChain":false,"style":{"_class":"style","endDecorationType":0,"miterLimit":10,"startDecorationType":0},"hasClickThrough":false,"layers":[{"_class":"shapeGroup","do_objectID":"19A0D809-D739-4A45-AA85-7E0F35D797D1","exportOptions":{"_class":"exportOptions","exportFormats":[],"includedLayerIds":[],"layerOptions":0,"shouldTrim":false},"frame":{"_class":"rect","constrainProportions":false,"height":158.3176658216356,"width":64.33047001850385,"x":0,"y":0.0003341783644259522},"isFlippedHorizontal":false,"isFlippedVertical":false,"isLocked":false,"isVisible":true,"layerListExpandedType":1,"name":"Clip 2","nameIsFixed":false,"resizingConstraint":63,"resizingType":0,"rotation":0,"shouldBreakMaskChain":false,"style":{"_class":"style","endDecorationType":0,"miterLimit":10,"startDecorationType":0},"hasClickThrough":false,"layers":[{"_class":"shapePath","do_objectID":"CB243317-C370-415D-B2FE-2C6AC869FF41","exportOptions":{"_class":"exportOptions","exportFormats":[],"includedLayerIds":[],"layerOptions":0,"shouldTrim":false},"frame":{"_class":"rect","constrainProportions":false,"height":158.3176658216356,"width":64.33047001850385,"x":0,"y":0},"isFlippedHorizontal":false,"isFlippedVertical":false,"isLocked":false,"isVisible":true,"layerListExpandedType":0,"name":"Path","nameIsFixed":false,"resizingConstraint":63,"resizingType":0,"rotation":0,"shouldBreakMaskChain":false,"booleanOperation":-1,"edited":true,"path":{"_class":"path","isClosed":true,"pointRadiusBehaviour":1,"points":[{"_class":"curvePoint","cornerRadius":0,"curveFrom":"{0, 0}","curveMode":1,"curveTo":"{0, 0}","hasCurveFrom":false,"hasCurveTo":false,"point":"{0, 0}"},{"_class":"curvePoint","cornerRadius":0,"curveFrom":"{0, 1}","curveMode":1,"curveTo":"{0, 1}","hasCurveFrom":false,"hasCurveTo":false,"point":"{0, 1}"},{"_class":"curvePoint","cornerRadius":0,"curveFrom":"{0.99999999999999978, 1}","curveMode":1,"curveTo":"{0.99999999999999978, 1}","hasCurveFrom":false,"hasCurveTo":false,"point":"{0.99999999999999978, 1}"},{"_class":"curvePoint","cornerRadius":0,"curveFrom":"{1, 0}","curveMode":1,"curveTo":"{1, 0}","hasCurveFrom":false,"hasCurveTo":false,"point":"{1, 0}"}]}}],"clippingMaskMode":0,"hasClippingMask":true,"windingRule":1},{"_class":"shapeGroup","do_objectID":"C951B0C5-CE21-453E-A430-E21AC6648F9B","exportOptions":{"_class":"exportOptions","exportFormats":[],"includedLayerIds":[],"layerOptions":0,"shouldTrim":false},"frame":{"_class":"rect","constrainProportions":false,"height":158.3178659136354,"width":64.33070964708881,"x":-0.0002396285849682878,"y":0.0003341783644259522},"isFlippedHorizontal":false,"isFlippedVertical":false,"isLocked":false,"isVisible":true,"layerListExpandedType":1,"name":"Fill 1","nameIsFixed":false,"resizingConstraint":63,"resizingType":0,"rotation":0,"shouldBreakMaskChain":false,"style":{"_class":"style","endDecorationType":0,"fills":[{"_class":"fill","isEnabled":true,"color":{"_class":"color","alpha":1,"blue":0,"green":0,"red":0},"fillType":0,"noiseIndex":0,"noiseIntensity":0,"patternFillType":1,"patternTileScale":1}],"miterLimit":10,"startDecorationType":0},"hasClickThrough":false,"layers":[{"_class":"shapePath","do_objectID":"02CD6F5E-8708-49A3-893B-0C88F4B0A384","exportOptions":{"_class":"exportOptions","exportFormats":[],"includedLayerIds":[],"layerOptions":0,"shouldTrim":false},"frame":{"_class":"rect","constrainProportions":false,"height":7.100999999999999,"width":3.943128058202987,"x":33.29031157461201,"y":80.82866582163558},"isFlippedHorizontal":false,"isFlippedVertical":false,"isLocked":false,"isVisible":true,"layerListExpandedType":0,"name":"Path","nameIsFixed":false,"resizingConstraint":63,"resizingType":0,"rotation":0,"shouldBreakMaskChain":false,"booleanOperation":-1,"edited":true,"path":{"_class":"path","isClosed":false,"pointRadiusBehaviour":1,"points":[{"_class":"curvePoint","cornerRadius":0,"curveFrom":"{0.10203271312378313, 0.80284466976482105}","curveMode":4,"curveTo":"{0.10203271312378313, 1}","hasCurveFrom":true,"hasCurveTo":false,"point":"{0.10203271312378313, 1}"},{"_class":"curvePoint","cornerRadius":0,"curveFrom":"{0.025950984209121158, 0.21123785382340518}","curveMode":4,"curveTo":"{0.076672136818895217, 0.6056893395296441}","hasCurveFrom":true,"hasCurveTo":true,"point":"{0.051311560514007287, 0.39445148570623889}"},{"_class":"curvePoint","cornerRadius":0,"curveFrom":"{1.3447009520632736, 0}","curveMode":3,"curveTo":"{-0.1262124736202046, 0}","hasCurveFrom":true,"hasCurveTo":true,"point":"{0.25444977671615721, 0}"},{"_class":"curvePoint","cornerRadius":0,"curveFrom":"{0.10203271312378313, 1}","curveMode":4,"curveTo":"{1.1925374942339477, 0.98577665117589086}","hasCurveFrom":false,"hasCurveTo":true,"point":"{0.10203271312378313, 1}"}]}},{"_class":"shapePath","do_objectID":"F116DADE-03F6-4922-B5EC-EE12C4910EB3","exportOptions":{"_class":"exportOptions","exportFormats":[],"includedLayerIds":[],"layerOptions":0,"shouldTrim":false},"frame":{"_class":"rect","constrainProportions":false,"height":81.59046190678434,"width":19.76290121520412,"x":19.1936776908687,"y":13.33920391485124},"isFlippedHorizontal":false,"isFlippedVertical":false,"isLocked":false,"isVisible":true,"layerListExpandedType":0,"name":"Path","nameIsFixed":false,"resizingConstraint":63,"resizingType":0,"rotation":0,"shouldBreakMaskChain":false,"booleanOperation":-1,"edited":true,"path":{"_class":"path","isClosed":false,"pointRadiusBehaviour":1,"points":[{"_class":"curvePoint","cornerRadius":0,"curveFrom":"{0.41486631180489769, 0.35286553396004705}","curveMode":4,"curveTo":"{0.59196581566252759, 0.3430604662927752}","hasCurveFrom":true,"hasCurveTo":false,"point":"{0.59196581566252759, 0.3430604662927752}"},{"_class":"curvePoint","cornerRadius":0,"curveFrom":"{0.27318670871879375, 0.42395227454776924}","curveMode":3,"curveTo":"{0.065727289914141507, 0.334481032083912}","hasCurveFrom":true,"hasCurveTo":true,"point":"{0.22258685047375662, 0.40189087229640708}"},{"_class":"curvePoint","cornerRadius":0,"curveFrom":"{0.50088607082146075, 0.42762917492299618}","curveMode":3,"curveTo":"{0.33390653861283842, 0.44356240988231316}","hasCurveFrom":true,"hasCurveTo":true,"point":"{0.44016624092741624, 0.4337573422150412}"},{"_class":"curvePoint","cornerRadius":0,"curveFrom":"{0.5261859999439793, 0.4803314136345832}","curveMode":3,"curveTo":"{0.67798557467909082, 0.38840890425390817}","hasCurveFrom":true,"hasCurveTo":true,"point":"{0.61726574478504614, 0.42517790800617816}"},{"_class":"curvePoint","cornerRadius":0,"curveFrom":"{0.16692700640421573, 0.60044349255866558}","curveMode":3,"curveTo":"{0.33390653861283842, 0.52322858467889832}","hasCurveFrom":true,"hasCurveTo":true,"point":"{0.22258685047375662, 0.57470518993207642}"},{"_class":"curvePoint","cornerRadius":0,"curveFrom":"{0.36932643938436438, 0.65804826510388847}","curveMode":3,"curveTo":"{0.18716694970223069, 0.62250489481002758}","hasCurveFrom":true,"hasCurveTo":true,"point":"{0.28330668036780132, 0.64088939668616252}"},{"_class":"curvePoint","cornerRadius":0,"curveFrom":"{0.53124598576848303, 0.66172516547911564}","curveMode":4,"curveTo":"{0.46546617004993479, 0.64088939668616252}","hasCurveFrom":true,"hasCurveTo":true,"point":"{0.5413659574174905, 0.62618179518525452}"},{"_class":"curvePoint","cornerRadius":0,"curveFrom":"{0.51606602829497195, 0.75364767485979078}","curveMode":4,"curveTo":"{0.53124598576848303, 0.69604290231456767}","hasCurveFrom":true,"hasCurveTo":true,"point":"{0.52112601411947568, 0.73158627260842857}"},{"_class":"curvePoint","cornerRadius":0,"curveFrom":"{0.50088607082146075, 0.8247344154475128}","curveMode":4,"curveTo":"{0.51100604247046832, 0.77693471056956165}","hasCurveFrom":true,"hasCurveTo":true,"point":"{0.50594605664596448, 0.79899611282092364}"},{"_class":"curvePoint","cornerRadius":0,"curveFrom":"{0.3996863543313865, 0.87988792107591784}","curveMode":3,"curveTo":"{0.45534619840092744, 0.84311891732364785}","hasCurveFrom":true,"hasCurveTo":true,"point":"{0.41992629762940148, 0.86640595303341872}"},{"_class":"curvePoint","cornerRadius":0,"curveFrom":"{0.37944641103337173, 0.91909593541042178}","curveMode":2,"curveTo":"{0.37944641103337173, 0.89336988911841686}","hasCurveFrom":true,"hasCurveTo":true,"point":"{0.37944641103337173, 0.90683960082633175}"},{"_class":"curvePoint","cornerRadius":0,"curveFrom":"{0.44016624092741624, 0.9485233947468219}","curveMode":4,"curveTo":"{0.39462636850688293, 0.93013889287068685}","hasCurveFrom":true,"hasCurveTo":true,"point":"{0.41992629762940148, 0.9411695939963679}"},{"_class":"curvePoint","cornerRadius":0,"curveFrom":"{0.46040618422543117, 0.97181043045659299}","curveMode":4,"curveTo":"{0.49076609917245334, 0.95342592858045794}","hasCurveFrom":true,"hasCurveTo":true,"point":"{0.4755861416989422, 0.9632309962477299}"},{"_class":"curvePoint","cornerRadius":0,"curveFrom":"{0.22258685047375662, 0.98161549812386495}","curveMode":3,"curveTo":"{0.35414648191085318, 0.97548733083181993}","hasCurveFrom":true,"hasCurveTo":true,"point":"{0.32378656696383085, 0.97671296429022891}"},{"_class":"curvePoint","cornerRadius":0,"curveFrom":"{0.025247403318111959, 0.89091862220159879}","curveMode":4,"curveTo":"{0.12644711980818618, 0.98896929887431895}","hasCurveFrom":true,"hasCurveTo":true,"point":"{0.030307389142615743, 1}"},{"_class":"curvePoint","cornerRadius":0,"curveFrom":"{0.020187417493608174, 0.59186405834980249}","curveMode":4,"curveTo":"{0.025247403318111959, 0.7818372444031978}","hasCurveFrom":true,"hasCurveTo":true,"point":"{0.020187417493608174, 0.67275586660479647}"},{"_class":"curvePoint","cornerRadius":0,"curveFrom":"{0.015127431669104394, 0.38473200387868117}","curveMode":3,"curveTo":"{0.015127431669104394, 0.51219788355321716}","hasCurveFrom":true,"hasCurveTo":true,"point":"{0.015127431669104394, 0.43130607529822318}"},{"_class":"curvePoint","cornerRadius":0,"curveFrom":"{0.020187417493608174, 0.27197372570505302}","curveMode":4,"curveTo":"{-0.015232483277917767, 0.33202976516709415}","hasCurveFrom":true,"hasCurveTo":true,"point":"{0.01006744584460079, 0.28545569374755192}"},{"_class":"curvePoint","cornerRadius":0,"curveFrom":"{0.18210696387772707, 0.21804585353505684}","curveMode":3,"curveTo":"{0.04042736079162295, 0.26707119187141692}","hasCurveFrom":true,"hasCurveTo":true,"point":"{0.075847261563149068, 0.25481485728732689}"},{"_class":"curvePoint","cornerRadius":0,"curveFrom":"{0.47052615587443858, 0.12244644377915492}","curveMode":4,"curveTo":"{0.28836666619230489, 0.18250248324119572}","hasCurveFrom":true,"hasCurveTo":true,"point":"{0.39462636850688293, 0.14695911294733496}"},{"_class":"curvePoint","cornerRadius":0,"curveFrom":"{1.0170552247790845, 0.0060112652302997697}","curveMode":4,"curveTo":"{0.90062495095725403, -0.013598870104244536}","hasCurveFrom":true,"hasCurveTo":true,"point":"{0.99175529565656595, 0.0011087313966636932}"},{"_class":"curvePoint","cornerRadius":0,"curveFrom":"{0.96134478085129871, 0.050134069733023756}","curveMode":4,"curveTo":"{0.97652473832481002, 0.037877735148933743}","hasCurveFrom":true,"hasCurveTo":true,"point":"{0.97146475250030628, 0.041554635524160541}"},{"_class":"curvePoint","cornerRadius":0,"curveFrom":"{0.89556496513275063, 0.080774906193248799}","curveMode":4,"curveTo":"{0.95628479502679498, 0.063616037775522702}","hasCurveFrom":true,"hasCurveTo":true,"point":"{0.93098486590427643, 0.070969838525976991}"},{"_class":"curvePoint","cornerRadius":0,"curveFrom":"{0.78424527699366886, 0.073421105442794857}","curveMode":3,"curveTo":"{0.90062495095725403, 0.077098005818022008}","hasCurveFrom":true,"hasCurveTo":true,"point":"{0.85508507853672067, 0.075872372359612722}"},{"_class":"curvePoint","cornerRadius":0,"curveFrom":"{0.64762565973206843, 0.11141574265347384}","curveMode":4,"curveTo":"{0.75388536204664647, 0.070969838525976991}","hasCurveFrom":true,"hasCurveTo":true,"point":"{0.70328550380160937, 0.090579973860520607}"},{"_class":"curvePoint","cornerRadius":0,"curveFrom":"{0.77918529116916502, 0.15676418061460676}","curveMode":2,"curveTo":"{0.69316553215260213, 0.12244644377915492}","hasCurveFrom":true,"hasCurveTo":true,"point":"{0.73875600443138045, 0.14083094565528995}"},{"_class":"curvePoint","cornerRadius":0,"curveFrom":"{0.7134560753088619, 0.20701515240937576}","curveMode":2,"curveTo":"{0.80954520611618741, 0.17637431594915073}","hasCurveFrom":true,"hasCurveTo":true,"point":"{0.75894534787115031, 0.19230755090846788}"},{"_class":"curvePoint","cornerRadius":0,"curveFrom":"{0.58690582983802397, 0.18617938361642286}","curveMode":4,"curveTo":"{0.63750568808306107, 0.21436895315983004}","hasCurveFrom":true,"hasCurveTo":true,"point":"{0.60208578731153495, 0.19598445128369502}"},{"_class":"curvePoint","cornerRadius":0,"curveFrom":"{0.5261859999439793, 0.15431291369778891}","curveMode":4,"curveTo":"{0.62232573060954988, 0.171471782115515}","hasCurveFrom":true,"hasCurveTo":true,"point":"{0.5767858581890164, 0.16289234790665177}"},{"_class":"curvePoint","cornerRadius":0,"curveFrom":"{0.37944641103337173, 0.1984357182005129}","curveMode":3,"curveTo":"{0.48064612752344599, 0.17024614865710572}","hasCurveFrom":true,"hasCurveTo":true,"point":"{0.45028621257642365, 0.17882558286596895}"},{"_class":"curvePoint","cornerRadius":0,"curveFrom":"{0.23776680794726779, 0.30506582908209606}","curveMode":2,"curveTo":"{0.19222693552673428, 0.23888162232801008}","hasCurveFrom":true,"hasCurveTo":true,"point":"{0.21246687882474924, 0.26829682532982602}"},{"_class":"curvePoint","cornerRadius":0,"curveFrom":"{0.60714577313603879, 0.27810189299709798}","curveMode":4,"curveTo":"{0.56160590071550542, 0.35041426704322914}","hasCurveFrom":true,"hasCurveTo":true,"point":"{0.59702580148703133, 0.29648639487323303}"},{"_class":"curvePoint","cornerRadius":0,"curveFrom":"{0.72858543292412792, 0.23275345503596506}","curveMode":2,"curveTo":"{0.58690582983802397, 0.25971739112096298}","hasCurveFrom":true,"hasCurveTo":true,"point":"{0.657745631381076, 0.24623542307846402}"},{"_class":"curvePoint","cornerRadius":0,"curveFrom":"{0.77918529116916502, 0.29648639487323303}","curveMode":4,"curveTo":"{0.76906531952015778, 0.23888162232801008}","hasCurveFrom":true,"hasCurveTo":true,"point":"{0.77412530534466129, 0.25726612420414513}"},{"_class":"curvePoint","cornerRadius":0,"curveFrom":"{0.59196581566252759, 0.3430604662927752}","curveMode":4,"curveTo":"{0.764055933553899, 0.33202976516709415}","hasCurveFrom":false,"hasCurveTo":true,"point":"{0.59196581566252759, 0.3430604662927752}"}]}},{"_class":"shapePath","do_objectID":"218D423C-2D9E-4438-88AC-2FA44A737842","exportOptions":{"_class":"exportOptions","exportFormats":[],"includedLayerIds":[],"layerOptions":0,"shouldTrim":false},"frame":{"_class":"rect","constrainProportions":false,"height":4.599600705333238,"width":2.813296416234561,"x":29.59765406182742,"y":53.37107488883001},"isFlippedHorizontal":false,"isFlippedVertical":false,"isLocked":false,"isVisible":true,"layerListExpandedType":0,"name":"Path","nameIsFixed":false,"resizingConstraint":63,"resizingType":0,"rotation":0,"shouldBreakMaskChain":false,"booleanOperation":-1,"edited":true,"path":{"_class":"path","isClosed":false,"pointRadiusBehaviour":1,"points":[{"_class":"curvePoint","cornerRadius":0,"curveFrom":"{0.9579458286747623, 0.29537149414519454}","curveMode":4,"curveTo":"{0.99349131880617403, 0.099702335525307981}","hasCurveFrom":true,"hasCurveTo":false,"point":"{0.99349131880617403, 0.099702335525307981}"},{"_class":"curvePoint","cornerRadius":0,"curveFrom":"{-0.21505534566180787, 0.75193286425826944}","curveMode":4,"curveTo":"{0.78021837801770522, 1.2737172872446367}","hasCurveFrom":true,"hasCurveTo":true,"point":"{0.10485406552089219, 0.92586100525372517}"},{"_class":"curvePoint","cornerRadius":0,"curveFrom":"{0.53139994709782601, 0.16492538839860041}","curveMode":4,"curveTo":"{0.28258151617794808, 0.36059454701849009}","hasCurveFrom":true,"hasCurveTo":true,"point":"{0.46030896683500394, 0.23014844127189904}"},{"_class":"curvePoint","cornerRadius":0,"curveFrom":"{0.99349131880617403, 0.099702335525307981}","curveMode":4,"curveTo":"{1.0645822990689948, -0.16118987596788029}","hasCurveFrom":false,"hasCurveTo":true,"point":"{0.99349131880617403, 0.099702335525307981}"}]}},{"_class":"shapePath","do_objectID":"7142C9C3-4B96-4A2F-A953-FC563EE72B46","exportOptions":{"_class":"exportOptions","exportFormats":[],"includedLayerIds":[],"layerOptions":0,"shouldTrim":false},"frame":{"_class":"rect","constrainProportions":false,"height":10.30198874712404,"width":6.271754237095514,"x":38.9148618508072,"y":24.82966582163559},"isFlippedHorizontal":false,"isFlippedVertical":false,"isLocked":false,"isVisible":true,"layerListExpandedType":0,"name":"Path","nameIsFixed":false,"resizingConstraint":63,"resizingType":0,"rotation":0,"shouldBreakMaskChain":false,"booleanOperation":-1,"edited":true,"path":{"_class":"path","isClosed":false,"pointRadiusBehaviour":1,"points":[{"_class":"curvePoint","cornerRadius":0,"curveFrom":"{1.1765093941555538, 0.0097068636410528909}","curveMode":4,"curveTo":"{0.82557089803563932, 0}","hasCurveFrom":true,"hasCurveTo":false,"point":"{0.82557089803563932, 0}"},{"_class":"curvePoint","cornerRadius":0,"curveFrom":"{0.71395938177760276, 0.52417063661688368}","curveMode":4,"curveTo":"{0.90529340964852312, 0.31061963651370905}","hasCurveFrom":true,"hasCurveTo":true,"point":"{0.8096263957130635, 0.40768827292424348}"},{"_class":"curvePoint","cornerRadius":0,"curveFrom":"{-0.035432227383504898, 1.0095138186695571}","curveMode":4,"curveTo":"{0.39506933532606781, 0.98039322774639714}","hasCurveFrom":true,"hasCurveTo":true,"point":"{0.15590180048741656, 0.99980695502850292}"},{"_class":"curvePoint","cornerRadius":0,"curveFrom":"{0.028345781906801877, 0.43680886384740492}","curveMode":4,"curveTo":"{-0.0035432227383509428, 0.65035986395057954}","hasCurveFrom":true,"hasCurveTo":true,"point":"{0.012401279584226033, 0.55329122754004512}"},{"_class":"curvePoint","cornerRadius":0,"curveFrom":"{0.36318033068091382, 0.20384413646212174}","curveMode":4,"curveTo":"{0.060394231575181229, 0.41739513656529637}","hasCurveFrom":true,"hasCurveTo":true,"point":"{0.20373530745514634, 0.32032650015476194}"},{"_class":"curvePoint","cornerRadius":0,"curveFrom":"{0.82557089803563932, 0}","curveMode":4,"curveTo":"{0.58640336319698816, 0.029120590923158669}","hasCurveFrom":false,"hasCurveTo":true,"point":"{0.82557089803563932, 0}"}]}},{"_class":"shapePath","do_objectID":"904321E3-15B5-4176-B257-210E94DFF500","exportOptions":{"_class":"exportOptions","exportFormats":[],"includedLayerIds":[],"layerOptions":0,"shouldTrim":false},"frame":{"_class":"rect","constrainProportions":false,"height":17.98346025004963,"width":7.834549294163573,"x":35.99263962858497,"y":71.25910963508321},"isFlippedHorizontal":false,"isFlippedVertical":false,"isLocked":false,"isVisible":true,"layerListExpandedType":0,"name":"Path","nameIsFixed":false,"resizingConstraint":63,"resizingType":0,"rotation":0,"shouldBreakMaskChain":false,"booleanOperation":-1,"edited":true,"path":{"_class":"path","isClosed":false,"pointRadiusBehaviour":1,"points":[{"_class":"curvePoint","cornerRadius":0,"curveFrom":"{0.15316771328427981, 0.16518268148890722}","curveMode":4,"curveTo":"{0, 0.25415332327602341}","hasCurveFrom":true,"hasCurveTo":false,"point":"{0, 0.25415332327602341}"},{"_class":"curvePoint","cornerRadius":0,"curveFrom":"{0.88071435138460752, 0.13737935593043354}","curveMode":4,"curveTo":"{0.65096278145818787, -0.13509323454260783}","hasCurveFrom":true,"hasCurveTo":true,"point":"{0.82965844695651458, 0.070651374590096613}"},{"_class":"curvePoint","cornerRadius":0,"curveFrom":"{0.93189789557377045, 0.38760928595669647}","curveMode":4,"curveTo":"{0.89347832749163103, 0.22078933260585454}","hasCurveFrom":true,"hasCurveTo":true,"point":"{0.90624230359865354, 0.29307797905788591}"},{"_class":"curvePoint","cornerRadius":0,"curveFrom":"{0.97006218413376999, 0.6656425415414331}","curveMode":2,"curveTo":"{0.94453423191972397, 0.48214059285550709}","hasCurveFrom":true,"hasCurveTo":true,"point":"{0.95729820802674748, 0.57111123464262248}"},{"_class":"curvePoint","cornerRadius":0,"curveFrom":"{0.90624230359865354, 0.96035779246125363}","curveMode":4,"curveTo":"{1.0466460407759099, 0.83246249489227497}","hasCurveFrom":true,"hasCurveTo":true,"point":"{0.95729820802674748, 0.91587247156769602}"},{"_class":"curvePoint","cornerRadius":0,"curveFrom":"{0.65096278145818787, 0.97698418114522123}","curveMode":4,"curveTo":"{0.82965844695651458, 0.96035779246125363}","hasCurveFrom":true,"hasCurveTo":true,"point":"{0.68925470977925829, 0.97147912268464331}"},{"_class":"curvePoint","cornerRadius":0,"curveFrom":"{0.39568325931772208, 0.98260045290803288}","curveMode":4,"curveTo":"{0.4339751876387925, 1.0047875067036949}","hasCurveFrom":true,"hasCurveTo":true,"point":"{0.42133885129283893, 0.99928244824311696}"},{"_class":"curvePoint","cornerRadius":0,"curveFrom":"{0.63819880535116524, 0.82690182978058058}","curveMode":4,"curveTo":"{0.52332302038795497, 0.91587247156769602}","hasCurveFrom":true,"hasCurveTo":true,"point":"{0.54897861236307188, 0.89919047623261195}"},{"_class":"curvePoint","cornerRadius":0,"curveFrom":"{0.76583856642139814, 0.57667189975431765}","curveMode":4,"curveTo":"{0.71478266199330431, 0.74905251821685404}","hasCurveFrom":true,"hasCurveTo":true,"point":"{0.74043825396842111, 0.67114760000201101}"},{"_class":"curvePoint","cornerRadius":0,"curveFrom":"{0.51055904428093235, 0.32644196972805473}","curveMode":4,"curveTo":"{0.74043825396842111, 0.45989793240872784}","hasCurveFrom":true,"hasCurveTo":true,"point":"{0.59990687703009482, 0.37648795573330684}"},{"_class":"curvePoint","cornerRadius":0,"curveFrom":"{0.1660593291523732, 0.27083531861110743}","curveMode":4,"curveTo":"{0.39568325931772208, 0.29307797905788591}","hasCurveFrom":true,"hasCurveTo":true,"point":"{0.25527952214046573, 0.27639598372280183}"},{"_class":"curvePoint","cornerRadius":0,"curveFrom":"{0, 0.25415332327602341}","curveMode":4,"curveTo":"{0, 0.28751731394619146}","hasCurveFrom":false,"hasCurveTo":true,"point":"{0, 0.25415332327602341}"}]}},{"_class":"shapePath","do_objectID":"FC168CCB-7937-475D-B053-7DBCF8524F38","exportOptions":{"_class":"exportOptions","exportFormats":[],"includedLayerIds":[],"layerOptions":0,"shouldTrim":false},"frame":{"_class":"rect","constrainProportions":false,"height":14.08068074779234,"width":15.82087700379474,"x":26.78059728439593,"y":137.7540278172108},"isFlippedHorizontal":false,"isFlippedVertical":false,"isLocked":false,"isVisible":true,"layerListExpandedType":0,"name":"Path","nameIsFixed":false,"resizingConstraint":63,"resizingType":0,"rotation":0,"shouldBreakMaskChain":false,"booleanOperation":-1,"edited":true,"path":{"_class":"path","isClosed":false,"pointRadiusBehaviour":1,"points":[{"_class":"curvePoint","cornerRadius":0,"curveFrom":"{0.46217680236280168, 0.42438558983461638}","curveMode":4,"curveTo":"{0.44953527813174771, 0.29655086136935899}","hasCurveFrom":true,"hasCurveTo":false,"point":"{0.44953527813174771, 0.29655086136935899}"},{"_class":"curvePoint","cornerRadius":0,"curveFrom":"{0.35472384639884091, 0.72976855227939474}","curveMode":2,"curveTo":"{0.24095012831935222, 0.53091453022233015}","hasCurveFrom":true,"hasCurveTo":true,"point":"{0.29783698735909647, 0.6303415412508615}"},{"_class":"curvePoint","cornerRadius":0,"curveFrom":"{0.60129677652555358, 0.56642417701823478}","curveMode":4,"curveTo":"{0.48745985082491006, 0.67295311740594854}","hasCurveFrom":true,"hasCurveTo":true,"point":"{0.53808915537028246, 0.62323961189168098}"},{"_class":"curvePoint","cornerRadius":0,"curveFrom":"{0.75293185967704934, 0.26814314393263489}","curveMode":4,"curveTo":"{0.65812042794414249, 0.45989523663052095}","hasCurveFrom":true,"hasCurveTo":true,"point":"{0.69610820825846043, 0.38177401367952923}"},{"_class":"curvePoint","cornerRadius":0,"curveFrom":"{1.100573776031041, 0.076320031941158703}","curveMode":3,"curveTo":"{0.72132804909941373, -0.044341747871326005}","hasCurveFrom":true,"hasCurveTo":true,"point":"{0.87934710198759169, 0.0053007383493495017}"},{"_class":"curvePoint","cornerRadius":0,"curveFrom":"{0.75293185967704934, 0.52381260086314763}","curveMode":4,"curveTo":"{0.96783777160497131, 0.26104121457345442}","hasCurveFrom":true,"hasCurveTo":true,"point":"{0.87302633987206446, 0.38177401367952923}"},{"_class":"curvePoint","cornerRadius":0,"curveFrom":"{0.39896918120753044, 1.0067437972874511}","curveMode":4,"curveTo":"{0.63915814159756135, 0.67998402747153697}","hasCurveFrom":true,"hasCurveTo":true,"point":"{0.52538442351807291, 0.8291955633079281}"},{"_class":"curvePoint","cornerRadius":0,"curveFrom":"{-0.1066917880346394, 0.75100332106334622}","curveMode":4,"curveTo":"{0.28519546312804223, 1.0635592321608993}","hasCurveFrom":true,"hasCurveTo":true,"point":"{0.095572599662228641, 0.91441871561809829}"},{"_class":"curvePoint","cornerRadius":0,"curveFrom":"{0.21566707985724384, 0.41018173111625333}","curveMode":4,"curveTo":"{0.057648026969065826, 0.6303415412508615}","hasCurveFrom":true,"hasCurveTo":true,"point":"{0.17142174504855404, 0.474099095348882}"},{"_class":"curvePoint","cornerRadius":0,"curveFrom":"{0.35472384639884091, 0.23263349713673032}","curveMode":4,"curveTo":"{0.25359165255040667, 0.29655086136935899}","hasCurveFrom":true,"hasCurveTo":true,"point":"{0.32312003582120485, 0.26104121457345442}"},{"_class":"curvePoint","cornerRadius":0,"curveFrom":"{0.44953527813174771, 0.29655086136935899}","curveMode":4,"curveTo":"{0.46849756447832885, 0.21132770905918874}","hasCurveFrom":false,"hasCurveTo":true,"point":"{0.44953527813174771, 0.29655086136935899}"}]}},{"_class":"shapePath","do_objectID":"712B0FD8-1C2D-4A1D-AA75-2594503A2FD6","exportOptions":{"_class":"exportOptions","exportFormats":[],"includedLayerIds":[],"layerOptions":0,"shouldTrim":false},"frame":{"_class":"rect","constrainProportions":false,"height":5.824216614612787,"width":5.33875778672757,"x":22.12330278370615,"y":5.705449207022788},"isFlippedHorizontal":false,"isFlippedVertical":false,"isLocked":false,"isVisible":true,"layerListExpandedType":0,"name":"Path","nameIsFixed":false,"resizingConstraint":63,"resizingType":0,"rotation":0,"shouldBreakMaskChain":false,"booleanOperation":-1,"edited":true,"path":{"_class":"path","isClosed":false,"pointRadiusBehaviour":1,"points":[{"_class":"curvePoint","cornerRadius":0,"curveFrom":"{1.3616157794142243, 0.14151544647993552}","curveMode":4,"curveTo":"{0.89334205360198937, 0.021327608987128453}","hasCurveFrom":true,"hasCurveTo":false,"point":"{0.89334205360198937, 0.021327608987128453}"},{"_class":"curvePoint","cornerRadius":0,"curveFrom":"{-0.061936347054969462, 0.4334001946767555}","curveMode":4,"curveTo":"{0.1441040923024135, 0.89698185357759319}","hasCurveFrom":true,"hasCurveTo":true,"point":"{0.012987449074987858, 1}"},{"_class":"curvePoint","cornerRadius":0,"curveFrom":"{0.89334205360198937, 0.021327608987128453}","curveMode":4,"curveTo":"{0.18156599036739215, -0.11602991957608381}","hasCurveFrom":false,"hasCurveTo":true,"point":"{0.89334205360198937, 0.021327608987128453}"}]}},{"_class":"shapePath","do_objectID":"5EF26775-1458-4847-99C6-CE876F834FAD","exportOptions":{"_class":"exportOptions","exportFormats":[],"includedLayerIds":[],"layerOptions":0,"shouldTrim":false},"frame":{"_class":"rect","constrainProportions":false,"height":158.3178659136354,"width":64.33070964708881,"x":0,"y":1.315614284180811e-14},"isFlippedHorizontal":false,"isFlippedVertical":false,"isLocked":false,"isVisible":true,"layerListExpandedType":0,"name":"Path","nameIsFixed":false,"resizingConstraint":63,"resizingType":0,"rotation":0,"shouldBreakMaskChain":false,"booleanOperation":-1,"edited":true,"path":{"_class":"path","isClosed":false,"pointRadiusBehaviour":1,"points":[{"_class":"curvePoint","cornerRadius":0,"curveFrom":"{0.72739193901776811, 0.67288467543990893}","curveMode":4,"curveTo":"{0.80043636874313884, 0.68235928521527223}","hasCurveFrom":true,"hasCurveTo":false,"point":"{0.80043636874313884, 0.68235928521527223}"},{"_class":"curvePoint","cornerRadius":0,"curveFrom":"{0.58281091308125565, 0.65646201849594576}","curveMode":4,"curveTo":"{0.64654408223937854, 0.67161507773001028}","hasCurveFrom":true,"hasCurveTo":true,"point":"{0.57037517275771943, 0.67098975348483625}"},{"_class":"curvePoint","cornerRadius":0,"curveFrom":"{0.65276195240114665, 0.65835694045101834}","curveMode":4,"curveTo":"{0.57814751045992963, 0.66025186240609102}","hasCurveFrom":true,"hasCurveTo":true,"point":"{0.61234579634965414, 0.65962022175440016}"},{"_class":"curvePoint","cornerRadius":0,"curveFrom":"{0.69939597861440739, 0.61792562233628434}","curveMode":4,"curveTo":"{0.68229683566954513, 0.64825069002396407}","hasCurveFrom":true,"hasCurveTo":true,"point":"{0.6916236409121973, 0.63245967373169176}"},{"_class":"curvePoint","cornerRadius":0,"curveFrom":"{0.63877174453716845, 0.61540537613603774}","curveMode":4,"curveTo":"{0.68540577075042908, 0.6160370167877286}","hasCurveFrom":true,"hasCurveTo":true,"point":"{0.65587088748203071, 0.61540537613603774}"},{"_class":"curvePoint","cornerRadius":0,"curveFrom":"{0.58902878324302377, 0.59140303137178385}","curveMode":4,"curveTo":"{0.59058325078346574, 0.61414209483265592}","hasCurveFrom":true,"hasCurveTo":true,"point":"{0.58902878324302377, 0.60403584440560165}"},{"_class":"curvePoint","cornerRadius":0,"curveFrom":"{0.78489169333871855, 0.57434873377612972}","curveMode":4,"curveTo":"{0.74758447236810999, 0.57750693703458411}","hasCurveFrom":true,"hasCurveTo":true,"point":"{0.7677925503938563, 0.57561201507951143}"},{"_class":"curvePoint","cornerRadius":0,"curveFrom":"{0.84240699233507332, 0.59581819952710313}","curveMode":4,"curveTo":"{0.82530784939021107, 0.57245381182105703}","hasCurveFrom":true,"hasCurveTo":true,"point":"{0.83308018709242115, 0.5825600622481113}"},{"_class":"curvePoint","cornerRadius":0,"curveFrom":"{0.78179830293323882, 0.62045850134956482}","curveMode":4,"curveTo":"{0.7538023425298781, 0.61792562233628434}","hasCurveFrom":true,"hasCurveTo":true,"point":"{0.73516427671997819, 0.62298506395632847}"},{"_class":"curvePoint","cornerRadius":0,"curveFrom":"{0.90147675887187018, 0.59835107854038361}","curveMode":4,"curveTo":"{0.82843232914649956, 0.61476741907782995}","hasCurveFrom":true,"hasCurveTo":true,"point":"{0.86883294052258775, 0.60593076636067433}"},{"_class":"curvePoint","cornerRadius":0,"curveFrom":"{0.94811078508513091, 0.55350459227033022}","curveMode":4,"curveTo":"{0.96210099294910911, 0.58192842159642044}","hasCurveFrom":true,"hasCurveTo":true,"point":"{0.95278973238186127, 0.56361084269738448}"},{"_class":"curvePoint","cornerRadius":0,"curveFrom":"{0.85952167995534001, 0.54402998249496681}","curveMode":3,"curveTo":"{0.92479377197850055, 0.549083107708494}","hasCurveFrom":true,"hasCurveTo":true,"point":"{0.90147675887187018, 0.54718818575342132}"},{"_class":"curvePoint","cornerRadius":0,"curveFrom":"{0.73825766712545793, 0.55350459227033022}","curveMode":4,"curveTo":"{0.78022829071739241, 0.5452869473918317}","hasCurveFrom":false,"hasCurveTo":true,"point":"{0.73825766712545793, 0.55350459227033022}"},{"_class":"curvePoint","cornerRadius":0,"curveFrom":"{0.73825766712545793, 0.50107841817998622}","curveMode":4,"curveTo":"{0.73825766712545793, 0.51623779382056756}","hasCurveFrom":true,"hasCurveTo":false,"point":"{0.73825766712545793, 0.51623779382056756}"},{"_class":"curvePoint","cornerRadius":0,"curveFrom":"{0.74293661442218828, 0.45623193190993278}","curveMode":4,"curveTo":"{0.7320397969636897, 0.48276083928095026}","hasCurveFrom":true,"hasCurveTo":true,"point":"{0.73825766712545793, 0.46823310429205978}"},{"_class":"curvePoint","cornerRadius":0,"curveFrom":"{0.72739193901776811, 0.41896513346017017}","curveMode":4,"curveTo":"{0.77090148547474024, 0.44675732213456937}","hasCurveFrom":true,"hasCurveTo":true,"point":"{0.75070895212439848, 0.43412450910075151}"},{"_class":"curvePoint","cornerRadius":0,"curveFrom":"{0.61857921118682657, 0.42212333671862462}","curveMode":3,"curveTo":"{0.67607896550777702, 0.41012216433649762}","hasCurveFrom":true,"hasCurveTo":true,"point":"{0.63721727699672648, 0.4183334928084792}"},{"_class":"curvePoint","cornerRadius":0,"curveFrom":"{0.51285987376136466, 0.43159794649398797}","curveMode":4,"curveTo":"{0.54550369211064709, 0.4518104473480965}","hasCurveFrom":true,"hasCurveTo":true,"point":"{0.52995901670622692, 0.44233583757273309}"},{"_class":"curvePoint","cornerRadius":0,"curveFrom":"{0.59213771832390771, 0.37348700653842587}","curveMode":4,"curveTo":"{0.55640050956914566, 0.39622606999929794}","hasCurveFrom":true,"hasCurveTo":true,"point":"{0.56882070521727746, 0.38864638217900721}"},{"_class":"curvePoint","cornerRadius":0,"curveFrom":"{0.69630258820892765, 0.37096044393166228}","curveMode":2,"curveTo":"{0.61857921118682657, 0.37222372523504405}","hasCurveFrom":true,"hasCurveTo":true,"point":"{0.65897982256291476, 0.37159208458335319}"},{"_class":"curvePoint","cornerRadius":0,"curveFrom":"{0.71338618647838559, 0.33748348939204498}","curveMode":4,"curveTo":"{0.71961960131555802, 0.36274911545968069}","hasCurveFrom":true,"hasCurveTo":true,"point":"{0.71649512155926953, 0.34758973981909924}"},{"_class":"curvePoint","cornerRadius":0,"curveFrom":"{0.67918790058866096, 0.32042919179639084}","curveMode":3,"curveTo":"{0.70095044615484925, 0.32927216092006328}","hasCurveFrom":true,"hasCurveTo":true,"point":"{0.6838513032099871, 0.32232411375146353}"},{"_class":"curvePoint","cornerRadius":0,"curveFrom":"{0.63721727699672648, 0.31411278527948194}","curveMode":2,"curveTo":"{0.64654408223937854, 0.31032294136933652}","hasCurveFrom":true,"hasCurveTo":true,"point":"{0.64189622429345694, 0.31221786332440926}"},{"_class":"curvePoint","cornerRadius":0,"curveFrom":"{0.64966856199566703, 0.32864052026837243}","curveMode":4,"curveTo":"{0.64343514715849459, 0.31537606658286371}","hasCurveFrom":true,"hasCurveTo":true,"point":"{0.64498961469893656, 0.31853426984131822}"},{"_class":"curvePoint","cornerRadius":0,"curveFrom":"{0.60612792618788602, 0.34190497395388114}","curveMode":4,"curveTo":"{0.66053429010335685, 0.32990380157175425}","hasCurveFrom":true,"hasCurveTo":true,"point":"{0.63255387437540034, 0.33622020808866315}"},{"_class":"curvePoint","cornerRadius":0,"curveFrom":"{0.54085583416472549, 0.33622020808866315}","curveMode":4,"curveTo":"{0.57503857537904546, 0.34379989590895388}","hasCurveFrom":true,"hasCurveTo":true,"point":"{0.55327602981285717, 0.35201122438093546}"},{"_class":"curvePoint","cornerRadius":0,"curveFrom":"{0.63099940683495825, 0.30969130071764567}","curveMode":2,"curveTo":"{0.59991005602611791, 0.33369364548189967}","hasCurveFrom":true,"hasCurveTo":true,"point":"{0.61390026389009611, 0.32295575440315438}"},{"_class":"curvePoint","cornerRadius":0,"curveFrom":"{0.56417284727135575, 0.30211161289735505}","curveMode":3,"curveTo":"{0.60303453578240629, 0.30590145680750036}","hasCurveFrom":true,"hasCurveTo":true,"point":"{0.57659304291948754, 0.30337489420073677}"},{"_class":"curvePoint","cornerRadius":0,"curveFrom":"{0.54239475702976314, 0.2894787998635372}","curveMode":4,"curveTo":"{0.51907774392313277, 0.30400653485242762}","hasCurveFrom":true,"hasCurveTo":true,"point":"{0.53617688686799492, 0.2932686437736825}"},{"_class":"curvePoint","cornerRadius":0,"curveFrom":"{0.63099940683495825, 0.27747762748141019}","curveMode":4,"curveTo":"{0.56882070521727746, 0.2875838779084644}","hasCurveFrom":true,"hasCurveTo":true,"point":"{0.57814751045992963, 0.28632059660508269}"},{"_class":"curvePoint","cornerRadius":0,"curveFrom":"{0.79421849858137061, 0.25221200141377448}","curveMode":2,"curveTo":"{0.6838513032099871, 0.26105497053744703}","hasCurveFrom":true,"hasCurveTo":true,"point":"{0.73825766712545793, 0.25663348597561064}"},{"_class":"curvePoint","cornerRadius":0,"curveFrom":"{0.71338618647838559, 0.21431356231232093}","curveMode":2,"curveTo":"{0.7677925503938563, 0.24021082903164748}","hasCurveFrom":true,"hasCurveTo":true,"point":"{0.74136660220634187, 0.22757801599782965}"},{"_class":"curvePoint","cornerRadius":0,"curveFrom":"{0.77245595301518233, 0.18336317037946714}","curveMode":4,"curveTo":"{0.73048532942324784, 0.20610223384033924}","hasCurveFrom":true,"hasCurveTo":true,"point":"{0.75224787498943613, 0.19473270210990329}"},{"_class":"curvePoint","cornerRadius":0,"curveFrom":"{0.83308018709242115, 0.14483309062632274}","curveMode":4,"curveTo":"{0.80043636874313884, 0.17199363864903103}","hasCurveFrom":true,"hasCurveTo":true,"point":"{0.81598104414755901, 0.15936082561521317}"},{"_class":"curvePoint","cornerRadius":0,"curveFrom":"{0.76002021269164621, 0.11640926130023257}","curveMode":4,"curveTo":"{0.81442657660711681, 0.13662176215434124}","hasCurveFrom":true,"hasCurveTo":true,"point":"{0.78957064063544902, 0.12714715237897786}"},{"_class":"curvePoint","cornerRadius":0,"curveFrom":"{0.67763343304821899, 0.12841043368235958}","curveMode":3,"curveTo":"{0.73825766712545793, 0.1069346515248692}","hasCurveFrom":true,"hasCurveTo":true,"point":"{0.70095044615484925, 0.1201991052103779}"},{"_class":"curvePoint","cornerRadius":0,"curveFrom":"{0.58902878324302377, 0.13788504345772296}","curveMode":4,"curveTo":"{0.66208875764379871, 0.14420144997463188}","hasCurveFrom":true,"hasCurveTo":true,"point":"{0.62789047175407431, 0.14104324671617743}"},{"_class":"curvePoint","cornerRadius":0,"curveFrom":"{0.65744089969787711, 0.11198777673839623}","curveMode":4,"curveTo":"{0.61700919897098017, 0.12904207433405043}","hasCurveFrom":true,"hasCurveTo":true,"point":"{0.63412388659124674, 0.12209402716545065}"},{"_class":"curvePoint","cornerRadius":0,"curveFrom":"{0.73359426450413179, 0.074720978288633721}","curveMode":2,"curveTo":"{0.68696023829087116, 0.10124988565965112}","hasCurveFrom":true,"hasCurveTo":true,"point":"{0.70716831631661747, 0.089880353929214993}"},{"_class":"curvePoint","cornerRadius":0,"curveFrom":"{0.65587088748203071, 0.0065037879060172478}","curveMode":4,"curveTo":"{0.73825766712545793, 0.027347929411816772}","hasCurveFrom":true,"hasCurveTo":true,"point":"{0.6916236409121973, 0.015978397681380634}"},{"_class":"curvePoint","cornerRadius":0,"curveFrom":"{0.61700919897098017, 0.055771758737906942}","curveMode":4,"curveTo":"{0.65431641994158862, 0.029874492018580199}","hasCurveFrom":true,"hasCurveTo":true,"point":"{0.64032621207761042, 0.039980742445634626}"},{"_class":"curvePoint","cornerRadius":0,"curveFrom":"{0.51285987376136466, 0.09051199458090603}","curveMode":4,"curveTo":"{0.57971752267577603, 0.067772931120033755}","hasCurveFrom":true,"hasCurveTo":true,"point":"{0.54550369211064709, 0.0791424628504699}"},{"_class":"curvePoint","cornerRadius":0,"curveFrom":"{0.43202756165837947, 0.11956746455868704}","curveMode":3,"curveTo":"{0.48332499049296618, 0.10188152631134216}","hasCurveFrom":true,"hasCurveTo":true,"point":"{0.45068117214368375, 0.11325105804177812}"},{"_class":"curvePoint","cornerRadius":0,"curveFrom":"{0.38694800298556081, 0.13662176215434124}","curveMode":4,"curveTo":"{0.41492841871351721, 0.12651551172728684}","hasCurveFrom":true,"hasCurveTo":true,"point":"{0.39627480822821293, 0.13283191824419574}"},{"_class":"curvePoint","cornerRadius":0,"curveFrom":"{0.32943270398920599, 0.14609637192970465}","curveMode":3,"curveTo":"{0.36984886004069861, 0.14609637192970465}","hasCurveFrom":true,"hasCurveTo":true,"point":"{0.35585865217672036, 0.14609637192970465}"},{"_class":"curvePoint","cornerRadius":0,"curveFrom":"{0.34186844431274216, 0.1094612141316328}","curveMode":4,"curveTo":"{0.32943270398920599, 0.12462058977221407}","hasCurveFrom":true,"hasCurveTo":true,"point":"{0.33565057415097405, 0.11767254260361447}"},{"_class":"curvePoint","cornerRadius":0,"curveFrom":"{0.42891862657749541, 0.086090510019069852}","curveMode":3,"curveTo":"{0.37451226266202464, 0.10377644826641473}","hasCurveFrom":true,"hasCurveTo":true,"point":"{0.3916114056068869, 0.098091682401196673}"},{"_class":"curvePoint","cornerRadius":0,"curveFrom":"{0.52995901670622692, 0.039980742445634626}","curveMode":4,"curveTo":"{0.48487945803340821, 0.072194415681870114}","hasCurveFrom":true,"hasCurveTo":true,"point":"{0.50819647114003863, 0.055140118086215904}"},{"_class":"curvePoint","cornerRadius":0,"curveFrom":"{0.42270075641572735, 0.022926444849980417}","curveMode":2,"curveTo":"{0.48798839311429226, 0.036190898535489124}","hasCurveFrom":true,"hasCurveTo":true,"point":"{0.46000797738633581, 0.030506132670271236}"},{"_class":"curvePoint","cornerRadius":0,"curveFrom":"{0.33098717152964807, -0.0061290251278006032}","curveMode":2,"curveTo":"{0.39316587314732893, 0.012188553771235316}","hasCurveFrom":true,"hasCurveTo":true,"point":"{0.36052205479804644, 0.0027139439958719278}"},{"_class":"curvePoint","cornerRadius":0,"curveFrom":"{0.25326379450754688, 0.029242851366889342}","curveMode":4,"curveTo":"{0.2765808076141773, 0.0083987098610899969}","hasCurveFrom":true,"hasCurveTo":true,"point":"{0.26259059975019905, 0.021031522894907846}"},{"_class":"curvePoint","cornerRadius":0,"curveFrom":"{0.28124421023550328, 0.048192070917616119}","curveMode":2,"curveTo":"{0.26725400237152513, 0.032401054625343803}","hasCurveFrom":true,"hasCurveTo":true,"point":"{0.27347187253329319, 0.039349101793943589}"},{"_class":"curvePoint","cornerRadius":0,"curveFrom":"{0.28124421023550328, 0.091143635232596887}","curveMode":3,"curveTo":"{0.28124421023550328, 0.06019324329974312}","hasCurveFrom":true,"hasCurveTo":true,"point":"{0.28124421023550328, 0.069667853075106506}"},{"_class":"curvePoint","cornerRadius":0,"curveFrom":"{0.19263956043030805, 0.11009285478332366}","curveMode":3,"curveTo":"{0.25637272958843099, 0.10188152631134216}","hasCurveFrom":true,"hasCurveTo":true,"point":"{0.20662976829428623, 0.10819793282825109}"},{"_class":"curvePoint","cornerRadius":0,"curveFrom":"{0.14134213159572132, 0.1056713702214873}","curveMode":3,"curveTo":"{0.18020382010677186, 0.11072449543501452}","hasCurveFrom":true,"hasCurveTo":true,"point":"{0.16621361224279368, 0.10882957347994177}"},{"_class":"curvePoint","cornerRadius":0,"curveFrom":"{0.08227236505892449, 0.086722150670760528}","curveMode":2,"curveTo":"{0.13201532635306917, 0.095565119794433245}","hasCurveFrom":true,"hasCurveTo":true,"point":"{0.11025278078688089, 0.091775275884287744}"},{"_class":"curvePoint","cornerRadius":0,"curveFrom":"{0.11336171586776493, 0.130936996289123}","curveMode":4,"curveTo":"{0.10248044308467079, 0.11198777673839623}","hasCurveFrom":true,"hasCurveTo":true,"point":"{0.10558937816555482, 0.11830418325530515}"},{"_class":"curvePoint","cornerRadius":0,"curveFrom":"{0.20041189813251817, 0.16441395082874039}","curveMode":2,"curveTo":"{0.12735192373174314, 0.16188738822197676}","hasCurveFrom":true,"hasCurveTo":true,"point":"{0.16621361224279368, 0.16315066952535867}"},{"_class":"curvePoint","cornerRadius":0,"curveFrom":"{0.26103613220975702, 0.14041160606448638}","curveMode":3,"curveTo":"{0.22061997615826445, 0.14293816867125017}","hasCurveFrom":true,"hasCurveTo":true,"point":"{0.25015485942666288, 0.14104324671617743}"},{"_class":"curvePoint","cornerRadius":0,"curveFrom":"{0.25948166466931499, 0.15114949714323167}","curveMode":4,"curveTo":"{0.25792719712887296, 0.13977996541279572}","hasCurveFrom":true,"hasCurveTo":true,"point":"{0.25948166466931499, 0.14735965323308636}"},{"_class":"curvePoint","cornerRadius":0,"curveFrom":"{0.25326379450754688, 0.16694051343550398}","curveMode":4,"curveTo":"{0.26103613220975702, 0.15620262235675869}","hasCurveFrom":true,"hasCurveTo":true,"point":"{0.25792719712887296, 0.15999246626690419}"},{"_class":"curvePoint","cornerRadius":0,"curveFrom":"{0.18797615780898197, 0.2105237184021756}","curveMode":4,"curveTo":"{0.23616465156268468, 0.17578348255917653}","hasCurveFrom":true,"hasCurveTo":true,"point":"{0.22683784632003254, 0.18209988907608543}"},{"_class":"curvePoint","cornerRadius":0,"curveFrom":"{0.086935767680250561, 0.28442567465000995}","curveMode":4,"curveTo":"{0.15066893683837349, 0.23831590707657482}","hasCurveFrom":true,"hasCurveTo":true,"point":"{0.11180724832732293, 0.26673973640266496}"},{"_class":"curvePoint","cornerRadius":0,"curveFrom":"{0.020093663441243654, 0.33937841134711766}","curveMode":4,"curveTo":"{0.057400884411852163, 0.30211161289735505}","hasCurveFrom":true,"hasCurveTo":true,"point":"{0.038747273926547851, 0.32106083244808181}"},{"_class":"curvePoint","cornerRadius":0,"curveFrom":"{0.074500027356714377, 0.37601356914518941}","curveMode":4,"curveTo":"{0.060509819492736192, 0.34695809916740838}","hasCurveFrom":true,"hasCurveTo":true,"point":"{0.068282157194946305, 0.36338075611137155}"},{"_class":"curvePoint","cornerRadius":0,"curveFrom":"{0.15222340437881546, 0.35137958372924455}","curveMode":4,"curveTo":"{0.093153637842018633, 0.39369950739253445}","hasCurveFrom":true,"hasCurveTo":true,"point":"{0.11647065094864896, 0.37727685044857118}"},{"_class":"curvePoint","cornerRadius":0,"curveFrom":"{0.21440210599649634, 0.29074208116691891}","curveMode":4,"curveTo":"{0.17864935256632983, 0.32169247309977267}","hasCurveFrom":true,"hasCurveTo":true,"point":"{0.20973870337517025, 0.29453192507706422}"},{"_class":"curvePoint","cornerRadius":0,"curveFrom":"{0.22217444369870645, 0.28000419008817379}","curveMode":4,"curveTo":"{0.22061997615826445, 0.28000419008817379}","hasCurveFrom":true,"hasCurveTo":true,"point":"{0.22994678140091657, 0.27747762748141019}"},{"_class":"curvePoint","cornerRadius":0,"curveFrom":"{0.22683784632003254, 0.36338075611137155}","curveMode":4,"curveTo":"{0.22839231386047457, 0.32358739505484529}","hasCurveFrom":true,"hasCurveTo":true,"point":"{0.22839231386047457, 0.32737723896499071}"},{"_class":"curvePoint","cornerRadius":0,"curveFrom":"{0.21906550861782242, 0.47454951080896868}","curveMode":4,"curveTo":"{0.22372891123914851, 0.39938427325775244}","hasCurveFrom":true,"hasCurveTo":true,"point":"{0.22217444369870645, 0.43538779040413333}"},{"_class":"curvePoint","cornerRadius":0,"curveFrom":"{0.21284763845605437, 0.56613740530414813}","curveMode":4,"curveTo":"{0.21751104107738037, 0.51307959056211305}","hasCurveFrom":true,"hasCurveTo":true,"point":"{0.21440210599649634, 0.5522413109669484}"},{"_class":"curvePoint","cornerRadius":0,"curveFrom":"{0.21129317091561231, 0.60087764114714715}","curveMode":4,"curveTo":"{0.21284763845605437, 0.58002718323483082}","hasCurveFrom":true,"hasCurveTo":true,"point":"{0.21129317091561231, 0.59392959397854728}"},{"_class":"curvePoint","cornerRadius":0,"curveFrom":"{0.2035208332134022, 0.62424202885319324}","curveMode":4,"curveTo":"{0.21440210599649634, 0.61098389157420141}","hasCurveFrom":true,"hasCurveTo":true,"point":"{0.20973870337517025, 0.61730029809111031}"},{"_class":"curvePoint","cornerRadius":0,"curveFrom":"{0.1335697938935112, 0.62993311112492822}","curveMode":4,"curveTo":"{0.18175828764721391, 0.62930147047323737}","hasCurveFrom":true,"hasCurveTo":true,"point":"{0.16155020962146763, 0.62930147047323737}"},{"_class":"curvePoint","cornerRadius":0,"curveFrom":"{0.086935767680250561, 0.61666865743941945}","curveMode":2,"curveTo":"{0.12890639127218514, 0.61792562233628434}","hasCurveFrom":true,"hasCurveTo":true,"point":"{0.10558937816555482, 0.61730029809111031}"},{"_class":"curvePoint","cornerRadius":0,"curveFrom":"{0.044965144088315971, 0.64572412741720053}","curveMode":4,"curveTo":"{0.074500027356714377, 0.62487998591140104}","hasCurveFrom":true,"hasCurveTo":true,"point":"{0.066727689654504263, 0.63119639242831005}"},{"_class":"curvePoint","cornerRadius":0,"curveFrom":"{0.088490235220692604, 0.6987819421592355}","curveMode":3,"curveTo":"{0.021648130981685589, 0.67477328098846467}","hasCurveFrom":true,"hasCurveTo":true,"point":"{0.060509819492736192, 0.68867569173218124}"},{"_class":"curvePoint","cornerRadius":0,"curveFrom":"{0.17864935256632983, 0.67035811283314539}","curveMode":4,"curveTo":"{0.14289659913616337, 0.67920108195681783}","hasCurveFrom":true,"hasCurveTo":true,"point":"{0.16776807978323569, 0.67288467543990893}"},{"_class":"curvePoint","cornerRadius":0,"curveFrom":"{0.22683784632003254, 0.66088350305778198}","curveMode":4,"curveTo":"{0.19263956043030805, 0.66467334696792735}","hasCurveFrom":true,"hasCurveTo":true,"point":"{0.20507530075384425, 0.66341006566454552}"},{"_class":"curvePoint","cornerRadius":0,"curveFrom":"{0.23461018402224265, 0.67035811283314539}","curveMode":4,"curveTo":"{0.22061997615826445, 0.66214046795464687}","hasCurveFrom":true,"hasCurveTo":true,"point":"{0.23150124894135859, 0.66845687447155577}"},{"_class":"curvePoint","cornerRadius":0,"curveFrom":"{0.25015485942666288, 0.68551748847372673}","curveMode":4,"curveTo":"{0.23771911910312668, 0.67477328098846467}","hasCurveFrom":true,"hasCurveTo":true,"point":"{0.24082805418401076, 0.67730616000174515}"},{"_class":"curvePoint","cornerRadius":0,"curveFrom":"{0.27036293745240914, 0.7050983486761444}","curveMode":4,"curveTo":"{0.25948166466931499, 0.69372250053919149}","hasCurveFrom":true,"hasCurveTo":true,"point":"{0.26725400237152513, 0.70194014541769001}"},{"_class":"curvePoint","cornerRadius":0,"curveFrom":"{0.29834335318036559, 0.719626083665035}","curveMode":4,"curveTo":"{0.27502634007373522, 0.71330967714812599}","hasCurveFrom":true,"hasCurveTo":true,"point":"{0.28279867777594536, 0.71520459910319867}"},{"_class":"curvePoint","cornerRadius":0,"curveFrom":"{0.30145228826124959, 0.69562373890078111}","curveMode":4,"curveTo":"{0.29678888563992351, 0.71141475519305342}","hasCurveFrom":true,"hasCurveTo":true,"point":"{0.29834335318036559, 0.70572998932783526}"},{"_class":"curvePoint","cornerRadius":0,"curveFrom":"{0.3076701584230177, 0.66845687447155577}","curveMode":4,"curveTo":"{0.30456122334213365, 0.68488584782203588}","hasCurveFrom":true,"hasCurveTo":true,"point":"{0.30611569088257568, 0.67477328098846467}"},{"_class":"curvePoint","cornerRadius":0,"curveFrom":"{0.31388802858478576, 0.63940772090029163}","curveMode":4,"curveTo":"{0.29989782072080762, 0.64950765492082896}","hasCurveFrom":true,"hasCurveTo":true,"point":"{0.3076701584230177, 0.64382920546212785}"},{"_class":"curvePoint","cornerRadius":0,"curveFrom":"{0.3776211977429087, 0.63182803308000091}","curveMode":4,"curveTo":"{0.33720504169141613, 0.63814443959690981}","hasCurveFrom":true,"hasCurveTo":true,"point":"{0.34808631447451027, 0.63624951764183713}"},{"_class":"curvePoint","cornerRadius":0,"curveFrom":"{0.44601776952235767, 0.62045850134956482}","curveMode":4,"curveTo":"{0.40715608101130712, 0.62740023211164775}","hasCurveFrom":true,"hasCurveTo":true,"point":"{0.4366909642797055, 0.6223534233046375}"},{"_class":"curvePoint","cornerRadius":0,"curveFrom":"{0.48798839311429226, 0.61476741907782995}","curveMode":2,"curveTo":"{0.46467138000766189, 0.61476741907782995}","hasCurveFrom":true,"hasCurveTo":true,"point":"{0.47555265279075604, 0.61476741907782995}"},{"_class":"curvePoint","cornerRadius":0,"curveFrom":"{0.49420626327606038, 0.62108382559473885}","curveMode":4,"curveTo":"{0.48177052295252415, 0.61414209483265592}","hasCurveFrom":true,"hasCurveTo":true,"point":"{0.48798839311429226, 0.61792562233628434}"},{"_class":"curvePoint","cornerRadius":0,"curveFrom":"{0.50197860097827052, 0.63687484188701116}","curveMode":4,"curveTo":"{0.49265179573561829, 0.6286698298215464}","hasCurveFrom":true,"hasCurveTo":true,"point":"{0.49731519835694438, 0.63309131438338262}"},{"_class":"curvePoint","cornerRadius":0,"curveFrom":"{0.5237411465444588, 0.65140889328241858}","curveMode":4,"curveTo":"{0.51285987376136466, 0.64003304514546555}","hasCurveFrom":true,"hasCurveTo":true,"point":"{0.51596880884224872, 0.64319124840392006}"},{"_class":"curvePoint","cornerRadius":0,"curveFrom":"{0.47710712033119812, 0.67477328098846467}","curveMode":4,"curveTo":"{0.50819647114003863, 0.66529867121310127}","hasCurveFrom":true,"hasCurveTo":true,"point":"{0.49109732819517626, 0.67035811283314539}"},{"_class":"curvePoint","cornerRadius":0,"curveFrom":"{0.42580969149661135, 0.67351631609159979}","curveMode":2,"curveTo":"{0.45689904230545181, 0.67351631609159979}","hasCurveFrom":true,"hasCurveTo":true,"point":"{0.43824543182014752, 0.67351631609159979}"},{"_class":"curvePoint","cornerRadius":0,"curveFrom":"{0.36052205479804644, 0.68172764456358137}","curveMode":2,"curveTo":"{0.38539353544511884, 0.67161507773001028}","hasCurveFrom":true,"hasCurveTo":true,"point":"{0.37606673020246667, 0.67541123804667247}"},{"_class":"curvePoint","cornerRadius":0,"curveFrom":"{0.46467138000766189, 0.68046436326019966}","curveMode":4,"curveTo":"{0.45845350984589384, 0.6798327226085088}","hasCurveFrom":true,"hasCurveTo":true,"point":"{0.46933478262898798, 0.68172764456358137}"},{"_class":"curvePoint","cornerRadius":0,"curveFrom":"{0.27502634007373522, 0.77394717971045168}","curveMode":4,"curveTo":"{0.31388802858478576, 0.75626124146310669}","hasCurveFrom":true,"hasCurveTo":true,"point":"{0.30300675580169156, 0.76194600732832474}"},{"_class":"curvePoint","cornerRadius":0,"curveFrom":"{0.14911446929793143, 0.80995069685683274}","curveMode":3,"curveTo":"{0.24393698926489479, 0.79036983665441496}","hasCurveFrom":true,"hasCurveTo":true,"point":"{0.20662976829428623, 0.79794320806818875}"},{"_class":"curvePoint","cornerRadius":0,"curveFrom":"{0.18953062534942403, 0.75941944472156131}","curveMode":4,"curveTo":"{0.20196636567296017, 0.76510421058677924}","hasCurveFrom":true,"hasCurveTo":true,"point":"{0.18797615780898197, 0.75815616341817937}"},{"_class":"curvePoint","cornerRadius":0,"curveFrom":"{0.07294555981627239, 0.82258350989065065}","curveMode":4,"curveTo":"{0.11180724832732293, 0.80047608708146933}","hasCurveFrom":true,"hasCurveTo":true,"point":"{0.10714384570599686, 0.80300264968823276}"},{"_class":"curvePoint","cornerRadius":0,"curveFrom":"{-0.0078867522867128066, 0.87943116854283099}","curveMode":4,"curveTo":"{0.034083871305221829, 0.84279601074475907}","hasCurveFrom":true,"hasCurveTo":true,"point":"{0.0092123906581494577, 0.8642654764957326}"},{"_class":"curvePoint","cornerRadius":0,"curveFrom":"{0.096262572922902717, 0.91163852537254952}","curveMode":2,"curveTo":"{-0.0047778172058287188, 0.90722335721723002}","hasCurveFrom":true,"hasCurveTo":true,"point":"{0.049628546709642049, 0.90974991982399367}"},{"_class":"curvePoint","cornerRadius":0,"curveFrom":"{0.21129317091561231, 0.83332140096939566}","curveMode":4,"curveTo":"{0.12268852111041709, 0.88574757505973989}","hasCurveFrom":true,"hasCurveTo":true,"point":"{0.14289659913616337, 0.87311476202592198}"},{"_class":"curvePoint","cornerRadius":0,"curveFrom":"{0.39316587314732893, 0.76004476896673523}","curveMode":3,"curveTo":"{0.30145228826124959, 0.79794320806818875}","hasCurveFrom":true,"hasCurveTo":true,"point":"{0.38539353544511884, 0.76320297222518962}"},{"_class":"curvePoint","cornerRadius":0,"curveFrom":"{0.40560161347086504, 0.76951937874209853}","curveMode":4,"curveTo":"{0.40871054855174915, 0.75120811624957962}","hasCurveFrom":true,"hasCurveTo":true,"point":"{0.40715608101130712, 0.76194600732832474}"},{"_class":"curvePoint","cornerRadius":0,"curveFrom":"{0.41803735379440127, 0.78468507078919703}","curveMode":4,"curveTo":"{0.37917566528335067, 0.77267758200055303}","hasCurveFrom":true,"hasCurveTo":true,"point":"{0.40093821084953901, 0.77963194557566973}"},{"_class":"curvePoint","cornerRadius":0,"curveFrom":"{0.50508753605915446, 0.78026358622736058}","curveMode":4,"curveTo":"{0.46000797738633581, 0.78089522687905155}","hasCurveFrom":true,"hasCurveTo":true,"point":"{0.47710712033119812, 0.78089522687905155}"},{"_class":"curvePoint","cornerRadius":0,"curveFrom":"{0.5035330685187126, 0.79415968056456032}","curveMode":4,"curveTo":"{0.5097509386804806, 0.77710538296890619}","hasCurveFrom":true,"hasCurveTo":true,"point":"{0.50664200359959655, 0.78784327404765142}"},{"_class":"curvePoint","cornerRadius":0,"curveFrom":"{0.50042413343782843, 0.81437218141866896}","curveMode":2,"curveTo":"{0.50042413343782843, 0.7992128057780874}","hasCurveFrom":true,"hasCurveTo":true,"point":"{0.50042413343782843, 0.8055292122949963}"},{"_class":"curvePoint","cornerRadius":0,"curveFrom":"{0.47244371770987204, 0.82258350989065065}","curveMode":2,"curveTo":"{0.50664200359959655, 0.81563546272205067}","hasCurveFrom":true,"hasCurveTo":true,"point":"{0.48798839311429226, 0.81942530663219615}"},{"_class":"curvePoint","cornerRadius":0,"curveFrom":"{0.43358202919882149, 0.80868741555345092}","curveMode":4,"curveTo":"{0.43202756165837947, 0.82384679119403237}","hasCurveFrom":true,"hasCurveTo":true,"point":"{0.43358202919882149, 0.81437218141866896}"},{"_class":"curvePoint","cornerRadius":0,"curveFrom":"{0.44757223706279969, 0.79542296186794204}","curveMode":4,"curveTo":"{0.49420626327606038, 0.79352803991286947}","hasCurveFrom":true,"hasCurveTo":true,"point":"{0.46000797738633581, 0.79478500480973424}"},{"_class":"curvePoint","cornerRadius":0,"curveFrom":"{0.38539353544511884, 0.81437218141866896}","curveMode":3,"curveTo":"{0.42270075641572735, 0.80425961458509765}","hasCurveFrom":true,"hasCurveTo":true,"point":"{0.41337395117307518, 0.80679249359837824}"},{"_class":"curvePoint","cornerRadius":0,"curveFrom":"{0.32321483382743793, 0.86995655876746758}","curveMode":2,"curveTo":"{0.30456122334213365, 0.83584164716964238}","hasCurveFrom":true,"hasCurveTo":true,"point":"{0.31388802858478576, 0.85290226117181334}"},{"_class":"curvePoint","cornerRadius":0,"curveFrom":"{0.44912670460324167, 0.84784913595828637}","curveMode":4,"curveTo":"{0.40715608101130712, 0.85416554247519527}","hasCurveFrom":true,"hasCurveTo":true,"point":"{0.43358202919882149, 0.8503756985650498}"},{"_class":"curvePoint","cornerRadius":0,"curveFrom":"{0.50819647114003863, 0.83963780748630468}","curveMode":4,"curveTo":"{0.48021605541208212, 0.84026944813799553}","hasCurveFrom":true,"hasCurveTo":true,"point":"{0.49576073081650235, 0.83963780748630468}"},{"_class":"curvePoint","cornerRadius":0,"curveFrom":"{0.51596880884224872, 0.84595421400321358}","curveMode":4,"curveTo":"{0.50508753605915446, 0.83963780748630468}","hasCurveFrom":true,"hasCurveTo":true,"point":"{0.51285987376136466, 0.84405929204814079}"},{"_class":"curvePoint","cornerRadius":0,"curveFrom":"{0.5237411465444588, 0.85985030834041309}","curveMode":4,"curveTo":"{0.51753882105809512, 0.84911241726166808}","hasCurveFrom":true,"hasCurveTo":true,"point":"{0.51907774392313277, 0.85100733921674077}"},{"_class":"curvePoint","cornerRadius":0,"curveFrom":"{0.50042413343782843, 0.8630085115988676}","curveMode":4,"curveTo":"{0.5237411465444588, 0.85921866768872224}","hasCurveFrom":true,"hasCurveTo":true,"point":"{0.51130540622092269, 0.86110727323727809}"},{"_class":"curvePoint","cornerRadius":0,"curveFrom":"{0.45845350984589384, 0.86364015225055868}","curveMode":2,"curveTo":"{0.48332499049296618, 0.85985030834041309}","hasCurveFrom":true,"hasCurveTo":true,"point":"{0.47088925016943001, 0.86174523029548589}"},{"_class":"curvePoint","cornerRadius":0,"curveFrom":"{0.43202756165837947, 0.88258937180128538}","curveMode":4,"curveTo":"{0.45223563968412572, 0.8693249181157765}","hasCurveFrom":true,"hasCurveTo":true,"point":"{0.44601776952235767, 0.87374008627109589}"},{"_class":"curvePoint","cornerRadius":0,"curveFrom":"{0.37606673020246667, 0.91290812308244818}","curveMode":4,"curveTo":"{0.41803735379440127, 0.89143234092495771}","hasCurveFrom":true,"hasCurveTo":true,"point":"{0.40249267838998104, 0.8996436693969394}"},{"_class":"curvePoint","cornerRadius":0,"curveFrom":"{0.36207652233848847, 0.96407101586941035}","curveMode":4,"curveTo":"{0.28746208039727139, 0.93438390523993853}","hasCurveFrom":true,"hasCurveTo":true,"point":"{0.34186844431274216, 0.95585337099091194}"},{"_class":"curvePoint","cornerRadius":0,"curveFrom":"{0.43824543182014752, 0.96216977750782084}","curveMode":2,"curveTo":"{0.38539353544511884, 0.95522804674573802}","hasCurveFrom":true,"hasCurveTo":true,"point":"{0.40871054855174915, 0.95838625000419253}"},{"_class":"curvePoint","cornerRadius":0,"curveFrom":"{0.51130540622092269, 1.0164971899597546}","curveMode":4,"curveTo":"{0.45845350984589384, 0.97986203216168266}","hasCurveFrom":true,"hasCurveTo":true,"point":"{0.47244371770987204, 0.98933664193704607}"},{"_class":"curvePoint","cornerRadius":0,"curveFrom":"{0.61080687348461649, 0.94259523371192022}","curveMode":4,"curveTo":"{0.55949389997462529, 0.98491515737520996}","hasCurveFrom":true,"hasCurveTo":true,"point":"{0.57814751045992963, 0.97038742238631936}"},{"_class":"curvePoint","cornerRadius":0,"curveFrom":"{0.74758447236810999, 0.89206398157664879}","curveMode":4,"curveTo":"{0.66986109534600891, 0.92048781090273901}","hasCurveFrom":true,"hasCurveTo":true,"point":"{0.72426745926147962, 0.90027531004863026}"},{"_class":"curvePoint","cornerRadius":0,"curveFrom":"{0.77090148547474024, 0.8693249181157765}","curveMode":4,"curveTo":"{0.77556488809606627, 0.8895311025633682}","hasCurveFrom":true,"hasCurveTo":true,"point":"{0.77245595301518233, 0.87500968398099455}"},{"_class":"curvePoint","cornerRadius":0,"curveFrom":"{0.74758447236810999, 0.85416554247519527}","curveMode":2,"curveTo":"{0.76625362752881865, 0.8630085115988676}","hasCurveFrom":true,"hasCurveTo":true,"point":"{0.75691127761076216, 0.85858702703703138}"},{"_class":"curvePoint","cornerRadius":0,"curveFrom":"{0.67141556288645088, 0.84215805368655128}","curveMode":4,"curveTo":"{0.72893086188280576, 0.85227062052012248}","hasCurveFrom":true,"hasCurveTo":true,"point":"{0.71649512155926953, 0.84974405791335894}"},{"_class":"curvePoint","cornerRadius":0,"curveFrom":"{0.63412388659124674, 0.82068858793557786}","curveMode":4,"curveTo":"{0.62478153667319025, 0.83647960422785017}","hasCurveFrom":true,"hasCurveTo":true,"point":"{0.57971752267577603, 0.83079483836263213}"},{"_class":"curvePoint","cornerRadius":0,"curveFrom":"{0.77867382317695044, 0.77836866427228801}","curveMode":4,"curveTo":"{0.69317810845263916, 0.80868741555345092}","hasCurveFrom":true,"hasCurveTo":true,"point":"{0.73825766712545793, 0.79226475860948764}"},{"_class":"curvePoint","cornerRadius":0,"curveFrom":"{0.6916236409121973, 0.76320297222518962}","curveMode":4,"curveTo":"{0.74603000482766801, 0.76699913254185192}","hasCurveFrom":true,"hasCurveTo":true,"point":"{0.70407492591113774, 0.76384092928339742}"},{"_class":"curvePoint","cornerRadius":0,"curveFrom":"{0.62944493929451639, 0.76951937874209853}","curveMode":4,"curveTo":"{0.63412388659124674, 0.76068272602494302}","hasCurveFrom":true,"hasCurveTo":true,"point":"{0.63099940683495825, 0.76636117548364413}"},{"_class":"curvePoint","cornerRadius":0,"curveFrom":"{0.68853025050671757, 0.78152686753074252}","curveMode":4,"curveTo":"{0.66675216026512485, 0.76889405449692461}","hasCurveFrom":true,"hasCurveTo":true,"point":"{0.67141556288645088, 0.77205225775537911}"},{"_class":"curvePoint","cornerRadius":0,"curveFrom":"{0.57814751045992963, 0.77521046101383362}","curveMode":4,"curveTo":"{0.60146452356655988, 0.80363429033992373}","hasCurveFrom":true,"hasCurveTo":true,"point":"{0.58125644554081368, 0.80425961458509765}"},{"_class":"curvePoint","cornerRadius":0,"curveFrom":"{0.73048532942324784, 0.71646788040658049}","curveMode":2,"curveTo":"{0.62944493929451639, 0.75562960081141584}","hasCurveFrom":true,"hasCurveTo":true,"point":"{0.67607896550777702, 0.73731202191237999}"},{"_class":"curvePoint","cornerRadius":0,"curveFrom":"{0.59058325078346574, 0.71015147388967159}","curveMode":3,"curveTo":"{0.67298557510229728, 0.71015147388967159}","hasCurveFrom":true,"hasCurveTo":true,"point":"{0.62011813405186422, 0.71015147388967159}"},{"_class":"curvePoint","cornerRadius":0,"curveFrom":"{0.53462241932755306, 0.72530453312373611}","curveMode":4,"curveTo":"{0.56104836751506737, 0.71078311454136245}","hasCurveFrom":true,"hasCurveTo":true,"point":"{0.54239475702976314, 0.72088936496841682}"},{"_class":"curvePoint","cornerRadius":0,"curveFrom":"{0.50508753605915446, 0.73920694386745256}","curveMode":4,"curveTo":"{0.52840454916578483, 0.73415381865392548}","hasCurveFrom":true,"hasCurveTo":true,"point":"{0.51753882105809512, 0.73668038126068913}"},{"_class":"curvePoint","cornerRadius":0,"curveFrom":"{0.46467138000766189, 0.72278428692348939}","curveMode":2,"curveTo":"{0.48332499049296618, 0.73604874060899816}","hasCurveFrom":true,"hasCurveTo":true,"point":"{0.47710712033119812, 0.73162093964064501}"},{"_class":"curvePoint","cornerRadius":0,"curveFrom":"{0.51285987376136466, 0.70257178606938087}","curveMode":2,"curveTo":"{0.48798839311429226, 0.71394131779981684}","hasCurveFrom":true,"hasCurveTo":true,"point":"{0.50042413343782843, 0.70825655193459891}"},{"_class":"curvePoint","cornerRadius":0,"curveFrom":"{0.56260283505550934, 0.68235928521527223}","curveMode":4,"curveTo":"{0.53462241932755306, 0.68740609402228259}","hasCurveFrom":true,"hasCurveTo":true,"point":"{0.5517215622724152, 0.68424789076382808}"},{"_class":"curvePoint","cornerRadius":0,"curveFrom":"{0.64189622429345694, 0.68867569173218124}","curveMode":3,"curveTo":"{0.58748986037798612, 0.68551748847372673}","hasCurveFrom":true,"hasCurveTo":true,"point":"{0.59835558848567594, 0.6861491291254177}"},{"_class":"curvePoint","cornerRadius":0,"curveFrom":"{0.76934701793429838, 0.70383506737276269}","curveMode":2,"curveTo":"{0.68696023829087116, 0.6924655356423266}","hasCurveFrom":true,"hasCurveTo":true,"point":"{0.72893086188280576, 0.69815030150754454}"},{"_class":"curvePoint","cornerRadius":0,"curveFrom":"{0.86883294052258775, 0.74994483494619779}","curveMode":4,"curveTo":"{0.84397700455091973, 0.71520459910319867}","hasCurveFrom":true,"hasCurveTo":true,"point":"{0.8579516677394935, 0.73352217800223463}"},{"_class":"curvePoint","cornerRadius":0,"curveFrom":"{0.78489169333871855, 0.78531039503437083}","curveMode":4,"curveTo":"{0.77090148547474024, 0.77267758200055303}","hasCurveFrom":true,"hasCurveTo":true,"point":"{0.77556488809606627, 0.77710538296890619}"},{"_class":"curvePoint","cornerRadius":0,"curveFrom":"{0.95432865524689892, 0.76384092928339742}","curveMode":4,"curveTo":"{0.89838336846639055, 0.77267758200055303}","hasCurveFrom":true,"hasCurveTo":true,"point":"{0.91546696673584838, 0.77015733580030632}"},{"_class":"curvePoint","cornerRadius":0,"curveFrom":"{0.97453673327264523, 0.70003890705610039}","curveMode":4,"curveTo":"{1.0118439542432536, 0.74741195593291732}","hasCurveFrom":true,"hasCurveTo":true,"point":"{0.99785374637927526, 0.72720577148532572}"},{"_class":"curvePoint","cornerRadius":0,"curveFrom":"{0.80043636874313884, 0.68235928521527223}","curveMode":4,"curveTo":"{0.85639720019905152, 0.68867569173218124}","hasCurveFrom":false,"hasCurveTo":true,"point":"{0.80043636874313884, 0.68235928521527223}"}]}}],"clippingMaskMode":0,"hasClippingMask":false,"windingRule":1}]}],"backgroundColor":{"_class":"color","alpha":1,"blue":1,"green":1,"red":1},"hasBackgroundColor":false,"horizontalRulerData":{"_class":"rulerData","base":0,"guides":[]},"includeBackgroundColorInExport":true,"includeInCloudUpload":true,"resizesContent":false,"verticalRulerData":{"_class":"rulerData","base":0,"guides":[]}}],"horizontalRulerData":{"_class":"rulerData","base":0,"guides":[]},"includeInCloudUpload":true,"verticalRulerData":{"_class":"rulerData","base":0,"guides":[]}}